timestamp,depth_md,tvd_md,rop_m_per_hr,wob_klbs,rpm,spp_psi,torque_ftlbs,flow_rate_gpm,pit_volume_bbl,gas_units,formation,status
2026-09-18T18:00:00Z,2350.0,2328.5,8.2,17.0,115,2350,12800,640,420.0,8,Tipam Sandstone,NORMAL
2026-09-18T18:01:00Z,2355.0,2333.5,8.4,17.2,115,2355,12850,640,420.0,9,Tipam Sandstone,NORMAL
2026-09-18T18:02:00Z,2360.0,2338.4,8.0,17.5,115,2360,12900,640,420.1,9,Tipam Sandstone,NORMAL
2026-09-18T18:03:00Z,2365.0,2343.4,7.8,17.8,118,2365,12950,642,420.1,10,Tipam Sandstone,NORMAL
2026-09-18T18:04:00Z,2370.0,2348.3,7.5,18.0,118,2370,13000,642,420.0,11,Tipam Sandstone,NORMAL
2026-09-18T18:05:00Z,2375.0,2353.3,7.2,18.0,118,2375,13050,642,420.0,10,Tipam Sandstone,NORMAL
2026-09-18T18:06:00Z,2380.0,2358.2,7.0,18.2,120,2380,13100,645,420.0,11,Tipam Sandstone,NORMAL
2026-09-18T18:07:00Z,2385.0,2363.2,6.8,18.2,120,2385,13200,645,420.0,12,Tipam Sandstone,NORMAL
2026-09-18T18:08:00Z,2390.0,2368.1,6.5,18.5,120,2390,13250,645,420.0,12,Tipam Sandstone,NORMAL
2026-09-18T18:09:00Z,2395.0,2373.1,6.2,18.5,120,2395,13350,645,420.1,13,Tipam Sandstone,NORMAL
2026-09-18T18:10:00Z,2400.0,2378.0,6.0,18.5,120,2400,13400,648,420.1,14,Barail Group,FORMATION_TRANSITION
2026-09-18T18:11:00Z,2402.0,2380.0,5.8,18.5,120,2405,13500,648,420.1,15,Barail Group,NORMAL
2026-09-18T18:12:00Z,2404.0,2381.9,5.5,18.8,120,2410,13550,648,420.2,16,Barail Group,NORMAL
2026-09-18T18:13:00Z,2406.0,2383.9,5.8,18.8,120,2415,13600,648,420.2,17,Barail Group,NORMAL
2026-09-18T18:14:00Z,2408.0,2385.9,6.0,18.5,120,2420,13650,650,420.2,18,Barail Group,NORMAL
2026-09-18T18:15:00Z,2410.0,2387.8,5.5,18.5,120,2425,13700,650,420.2,18,Barail Group,NORMAL
2026-09-18T18:16:00Z,2412.0,2389.8,5.2,18.8,120,2428,13750,650,420.2,19,Barail Group,NORMAL
2026-09-18T18:17:00Z,2414.0,2391.8,5.0,18.8,120,2432,13800,650,420.3,20,Barail Group,NORMAL
2026-09-18T18:18:00Z,2416.0,2393.7,5.2,18.5,120,2435,13850,650,420.3,21,Barail Group,NORMAL
2026-09-18T18:19:00Z,2418.0,2395.7,6.8,18.5,120,2440,14000,650,420.3,22,Barail Group,NORMAL
2026-09-18T18:20:00Z,2420.0,2397.7,6.5,18.8,120,2442,14050,650,420.3,23,Barail Group,NORMAL
2026-09-18T18:21:00Z,2422.0,2399.6,6.2,18.8,120,2445,14100,650,420.4,25,Barail Group,NORMAL
2026-09-18T18:22:00Z,2424.0,2401.6,6.4,19.0,120,2448,14150,650,420.4,26,Barail Group,NORMAL
2026-09-18T18:23:00Z,2426.0,2403.6,6.0,19.0,120,2450,14200,650,420.4,28,Barail Group,NORMAL
2026-09-18T18:24:00Z,2428.0,2405.5,5.8,19.0,120,2452,14250,652,420.5,30,Barail Group,NORMAL
2026-09-18T18:25:00Z,2430.0,2407.5,6.2,19.2,122,2455,14300,652,420.5,32,Barail Group,CAUTION
2026-09-18T18:26:00Z,2432.0,2409.5,6.5,19.2,122,2458,14350,652,420.5,35,Barail Group,CAUTION
2026-09-18T18:27:00Z,2434.0,2411.4,6.8,19.2,122,2460,14400,652,420.6,38,Barail Group,CAUTION
2026-09-18T18:28:00Z,2436.0,2413.4,7.0,19.5,122,2465,14500,654,420.6,42,Barail Group,CAUTION
2026-09-18T18:29:00Z,2438.0,2415.4,7.2,19.5,125,2470,14550,654,420.7,48,Barail Group,CAUTION
2026-09-18T18:30:00Z,2440.0,2417.3,7.5,19.5,125,2475,14600,654,420.8,55,Barail Group,CORRIDOR_ENTRY
2026-09-18T18:31:00Z,2441.0,2418.3,7.8,19.8,125,2480,14650,655,420.9,62,Barail Group,CORRIDOR_ENTRY
2026-09-18T18:32:00Z,2442.0,2419.3,8.0,19.8,125,2485,14700,655,421.0,70,Barail Group,CORRIDOR_ENTRY
2026-09-18T18:33:00Z,2443.0,2420.2,8.5,20.0,125,2490,14750,655,421.2,82,Barail Group,CORRIDOR_ENTRY
2026-09-18T18:34:00Z,2444.0,2421.2,9.0,20.0,125,2500,14800,656,421.5,95,Barail Group,FLUTTER_DETECTED
2026-09-18T18:35:00Z,2445.0,2422.2,9.5,20.0,125,2510,14850,656,421.8,110,Barail Group,FLUTTER_DETECTED
2026-09-18T18:36:00Z,2445.5,2422.7,10.0,20.2,125,2520,14900,658,422.2,130,Barail Group,FLUTTER_DETECTED
2026-09-18T18:37:00Z,2446.0,2423.2,10.5,20.2,125,2530,14950,658,422.8,155,Barail Group,KICK_PRECURSOR
2026-09-18T18:38:00Z,2446.5,2423.7,11.0,20.5,125,2540,15000,658,423.5,185,Barail Group,KICK_PRECURSOR
2026-09-18T18:39:00Z,2447.0,2424.2,12.0,20.5,125,2550,15100,660,424.5,220,Barail Group,KICK_PRECURSOR
2026-09-18T18:40:00Z,2447.5,2424.7,13.5,20.5,125,2565,15200,660,426.0,265,Barail Group,KICK_PRECURSOR
2026-09-18T18:41:00Z,2448.0,2425.2,15.0,20.8,125,2580,15400,662,428.0,310,Barail Group,WELL_CONTROL_TRIGGER
2026-09-18T18:42:00Z,2448.5,2425.7,16.5,21.0,125,2600,15600,665,430.5,350,Barail Group,WELL_CONTROL_TRIGGER
2026-09-18T18:43:00Z,2449.0,2426.2,18.0,21.0,100,2620,15800,660,433.0,380,Barail Group,WELL_CONTROL_TRIGGER
2026-09-18T18:44:00Z,2449.5,2426.7,14.0,18.0,80,2650,15900,650,436.0,400,Barail Group,WELL_CONTROL_TRIGGER
2026-09-18T18:45:00Z,2450.0,2427.2,10.0,15.0,60,2680,16000,640,439.5,420,Barail Group,SHUT_IN_OISD_174
2026-09-18T18:46:00Z,2450.0,2427.2,0.0,0.0,0,2720,0,0,440.0,430,Barail Group,SHUT_IN_OISD_174
2026-09-18T18:47:00Z,2450.0,2427.2,0.0,0.0,0,2750,0,0,440.2,425,Barail Group,SHUT_IN_OISD_174
2026-09-18T18:48:00Z,2450.0,2427.2,0.0,0.0,0,2780,0,0,440.3,418,Barail Group,SHUT_IN_OISD_174
2026-09-18T18:49:00Z,2450.0,2427.2,0.0,0.0,0,2800,0,0,440.3,410,Barail Group,KILL_MUD_CIRCULATING
2026-09-18T18:50:00Z,2450.0,2427.2,0.0,0.0,0,2780,0,580,440.2,395,Barail Group,KILL_MUD_CIRCULATING
2026-09-18T18:51:00Z,2450.0,2427.2,0.0,0.0,0,2760,0,580,440.0,375,Barail Group,KILL_MUD_CIRCULATING
2026-09-18T18:52:00Z,2450.0,2427.2,0.0,0.0,0,2740,0,580,439.8,350,Barail Group,KILL_MUD_CIRCULATING
2026-09-18T18:53:00Z,2450.0,2427.2,0.0,0.0,0,2720,0,580,439.5,320,Barail Group,KILL_MUD_CIRCULATING
2026-09-18T18:54:00Z,2450.0,2427.2,0.0,0.0,0,2700,0,580,439.2,290,Barail Group,KILL_MUD_CIRCULATING
2026-09-18T18:55:00Z,2450.0,2427.2,0.0,0.0,0,2680,0,580,439.0,260,Barail Group,KILL_VERIFIED
